,survived,pclass,sex,age,sibsp,parch,fare,class,embark_town,alive
0,0,3,male,22.0,1,0,7.25,Third,Southampton,No
1,1,1,female,38.0,1,0,71.2833,First,Cherbourg,Yes
2,1,3,female,26.0,0,0,7.925,Third,Southampton,Yes
3,1,1,female,35.0,1,0,53.1,First,Southampton,Yes
4,0,3,male,35.0,0,0,8.05,Third,Southampton,No
5,0,3,male,,0,0,8.4583,Third,Queensland,No
6,0,1,male,54.0,0,0,51.8625,First,Southampton,No
7,0,3,male,2.0,3,1,21.075,Third,Southampton,No
8,1,3,female,27.0,0,2,11.1333,Third,Southampton,Yes
9,1,2,female,14.0,1,0,30.0708,Second,Cherbourg,Yes
10,1,3,female,4.0,1,1,16.7,Third,Southampton,Yes
11,1,1,female,58.0,0,0,26.55,First,Southampton,Yes
12,0,3,male,20.0,0,0,8.05,Third,Southampton,No
13,0,3,male,39.0,1,5,31.275,Third,Southampton,No
14,0,3,female,14.0,0,0,7.8542,Third,Southampton,No
15,1,2,female,55.0,0,0,16.0,Second,Southampton,Yes
16,0,3,male,2.0,4,1,29.125,Third,Queensland,No
17,1,2,male,,0,0,13.0,Second,Southampton,Yes
18,0,3,female,31.0,1,0,18.0,Third,Southampton,No
19,1,3,female,,0,0,7.225,Third,Cherbourg,Yes
20,0,2,male,35.0,0,0,26.0,Second,Southampton,No
21,1,2,male,34.0,0,0,13.0,Second,Southampton,Yes
22,1,3,female,15.0,0,0,8.0292,Third,Queensland,Yes
23,1,1,male,28.0,0,0,35.5,First,Southampton,Yes
24,0,3,female,8.0,3,1,21.075,Third,Southampton,No
25,1,3,female,38.0,1,5,31.3875,Third,Southampton,Yes
26,0,3,male,,0,0,7.225,Third,Cherbourg,No
27,0,1,male,19.0,3,2,263.0,First,Southampton,No
28,1,3,female,,0,0,7.8792,Third,Queensland,Yes
29,0,3,male,,0,0,7.8958,Third,Southampton,No
30,0,1,male,40.0,0,0,27.7208,First,Cherbourg,No
31,1,1,female,,1,0,146.5208,First,Cherbourg,Yes
32,1,3,female,,0,0,7.75,Third,Queensland,Yes
33,0,2,male,66.0,0,0,10.5,Second,Southampton,No
34,0,1,male,28.0,1,0,82.1708,First,Cherbourg,No
35,0,1,male,42.0,1,0,52.0,First,Southampton,No
36,1,3,male,,0,0,7.2292,Third,Cherbourg,Yes
37,0,3,male,21.0,0,0,8.05,Third,Southampton,No
38,0,3,female,18.0,2,0,18.0,Third,Southampton,No
39,1,3,female,14.0,1,0,11.2417,Third,Cherbourg,Yes
40,0,3,female,40.0,1,0,9.475,Third,Southampton,No
41,0,2,female,27.0,1,0,21.0,Second,Southampton,No
42,0,3,male,,0,0,7.8958,Third,Cherbourg,No
43,1,2,female,3.0,1,2,41.5792,Second,Cherbourg,Yes
44,1,3,female,19.0,0,0,7.8792,Third,Queensland,Yes
45,0,3,male,,0,0,8.05,Third,Southampton,No
46,0,3,male,,1,0,15.5,Third,Queensland,No
47,1,3,female,,0,0,7.75,Third,Queensland,Yes
48,0,3,male,,2,0,21.6792,Third,Cherbourg,No
49,0,3,female,18.0,1,0,17.8,Third,Southampton,No
50,0,3,male,7.0,4,1,39.6875,Third,Southampton,No
51,0,3,male,21.0,0,0,7.8,Third,Southampton,No
52,1,1,female,49.0,1,0,76.7292,First,Cherbourg,Yes
53,1,2,female,29.0,1,0,26.0,Second,Southampton,Yes
54,0,1,male,65.0,0,1,61.9792,First,Cherbourg,No
55,1,1,male,,0,0,35.5,First,Southampton,Yes
56,1,2,female,21.0,0,0,10.5,Second,Southampton,Yes
57,0,3,male,28.5,0,0,7.2292,Third,Cherbourg,No
58,1,2,female,5.0,1,2,27.75,Second,Southampton,Yes
59,0,3,male,11.0,5,2,46.9,Third,Southampton,No
60,0,3,male,22.0,0,0,7.2292,Third,Cherbourg,No
61,1,1,female,38.0,0,0,80.0,First,,Yes
62,0,1,male,45.0,1,0,83.475,First,Southampton,No
63,0,3,male,4.0,3,2,27.9,Third,Southampton,No
64,0,1,male,,0,0,27.7208,First,Cherbourg,No
65,1,3,male,,1,1,15.2458,Third,Cherbourg,Yes
66,1,2,female,29.0,0,0,10.5,Second,Southampton,Yes
67,0,3,male,19.0,0,0,8.1583,Third,Southampton,No
68,1,3,female,17.0,4,2,7.925,Third,Southampton,Yes
69,0,3,male,26.0,2,0,8.6625,Third,Southampton,No
70,0,2,male,32.0,0,0,10.5,Second,Southampton,No
71,0,3,female,16.0,5,2,46.9,Third,Southampton,No
72,0,2,male,21.0,0,0,73.5,Second,Southampton,No
73,0,3,male,26.0,1,0,14.4542,Third,Cherbourg,No
74,1,3,male,32.0,0,0,56.4958,Third,Southampton,Yes
75,0,3,male,25.0,0,0,7.65,Third,Southampton,No
76,0,3,male,,0,0,7.8958,Third,Southampton,No
77,0,3,male,,0,0,8.05,Third,Southampton,No
78,1,2,male,0.83,0,2,29.0,Second,Southampton,Yes
79,1,3,female,30.0,0,0,12.475,Third,Southampton,Yes
80,0,3,male,22.0,0,0,9.0,Third,Southampton,No
81,1,3,male,29.0,0,0,9.5,Third,Southampton,Yes
82,1,3,female,,0,0,7.7875,Third,Queensland,Yes
83,0,1,male,28.0,0,0,47.1,First,Southampton,No
84,1,2,female,17.0,0,0,10.5,Second,Southampton,Yes
85,1,3,female,33.0,3,0,15.85,Third,Southampton,Yes
86,0,3,male,16.0,1,3,34.375,Third,Southampton,No
87,0,3,male,,0,0,8.05,Third,Southampton,No
88,1,1,female,23.0,3,2,263.0,First,Southampton,Yes
89,0,3,male,24.0,0,0,8.05,Third,Southampton,No
90,0,3,male,29.0,0,0,8.05,Third,Southampton,No
91,0,3,male,20.0,0,0,7.8542,Third,Southampton,No
92,0,1,male,46.0,1,0,61.175,First,Southampton,No
93,0,3,male,26.0,1,2,20.575,Third,Southampton,No
94,0,3,male,59.0,0,0,7.25,Third,Southampton,No
95,0,3,male,,0,0,8.05,Third,Southampton,No
96,0,1,male,71.0,0,0,34.6542,First,Cherbourg,No
97,1,1,male,23.0,0,1,63.3583,First,Cherbourg,Yes
98,1,2,female,34.0,0,1,23.0,Second,Southampton,Yes
99,0,2,male,34.0,1,0,26.0,Second,Southampton,No
100,0,3,female,28.0,0,0,7.8958,Third,Southampton,No
101,0,3,male,,0,0,7.8958,Third,Southampton,No
102,0,1,male,21.0,0,1,77.2875,First,Southampton,No
103,0,3,male,33.0,0,0,8.6542,Third,Southampton,No
104,0,3,male,37.0,2,0,7.925,Third,Southampton,No
105,0,3,male,28.0,0,0,7.8958,Third,Southampton,No
106,1,3,female,21.0,0,0,7.65,Third,Southampton,Yes
107,1,3,male,,0,0,7.775,Third,Southampton,Yes
108,0,3,male,38.0,0,0,7.8958,Third,Southampton,No
109,1,3,female,,1,0,24.15,Third,Queensland,Yes
110,0,1,male,47.0,0,0,52.0,First,Southampton,No
111,0,3,female,14.5,1,0,14.4542,Third,Cherbourg,No
112,0,3,male,22.0,0,0,8.05,Third,Southampton,No
113,0,3,female,20.0,1,0,9.825,Third,Southampton,No
114,0,3,female,17.0,0,0,14.4583,Third,Cherbourg,No
115,0,3,male,21.0,0,0,7.925,Third,Southampton,No
116,0,3,male,70.5,0,0,7.75,Third,Queensland,No
117,0,2,male,29.0,1,0,21.0,Second,Southampton,No
118,0,1,male,24.0,0,1,247.5208,First,Cherbourg,No
119,0,3,female,2.0,4,2,31.275,Third,Southampton,No
120,0,2,male,21.0,2,0,73.5,Second,Southampton,No
121,0,3,male,,0,0,8.05,Third,Southampton,No
122,0,2,male,32.5,1,0,30.0708,Second,Cherbourg,No
123,1,2,female,32.5,0,0,13.0,Second,Southampton,Yes
124,0,1,male,54.0,0,1,77.2875,First,Southampton,No
125,1,3,male,12.0,1,0,11.2417,Third,Cherbourg,Yes
126,0,3,male,,0,0,7.75,Third,Queensland,No
127,1,3,male,24.0,0,0,7.1417,Third,Southampton,Yes
128,1,3,female,,1,1,22.3583,Third,Cherbourg,Yes
129,0,3,male,45.0,0,0,6.975,Third,Southampton,No
130,0,3,male,33.0,0,0,7.8958,Third,Cherbourg,No
131,0,3,male,20.0,0,0,7.05,Third,Southampton,No
132,0,3,female,47.0,1,0,14.5,Third,Southampton,No
133,1,2,female,29.0,1,0,26.0,Second,Southampton,Yes
134,0,2,male,25.0,0,0,13.0,Second,Southampton,No
135,0,2,male,23.0,0,0,15.0458,Second,Cherbourg,No
136,1,1,female,19.0,0,2,26.2833,First,Southampton,Yes
137,0,1,male,37.0,1,0,53.1,First,Southampton,No
138,0,3,male,16.0,0,0,9.2167,Third,Southampton,No
139,0,1,male,24.0,0,0,79.2,First,Cherbourg,No
140,0,3,female,,0,2,15.2458,Third,Cherbourg,No
141,1,3,female,22.0,0,0,7.75,Third,Southampton,Yes
142,1,3,female,24.0,1,0,15.85,Third,Southampton,Yes
143,0,3,male,19.0,0,0,6.75,Third,Queensland,No
144,0,2,male,18.0,0,0,11.5,Second,Southampton,No
145,0,2,male,19.0,1,1,36.75,Second,Southampton,No
146,1,3,male,27.0,0,0,7.7958,Third,Southampton,Yes
147,0,3,female,9.0,2,2,34.375,Third,Southampton,No
148,0,2,male,36.5,0,2,26.0,Second,Southampton,No
149,0,2,male,42.0,0,0,13.0,Second,Southampton,No
150,0,2,male,51.0,0,0,12.525,Second,Southampton,No
151,1,1,female,22.0,1,0,66.6,First,Southampton,Yes
152,0,3,male,55.5,0,0,8.05,Third,Southampton,No
153,0,3,male,40.5,0,2,14.5,Third,Southampton,No
154,0,3,male,,0,0,7.3125,Third,Southampton,No
155,0,1,male,51.0,0,1,61.3792,First,Cherbourg,No
156,1,3,female,16.0,0,0,7.7333,Third,Queensland,Yes
157,0,3,male,30.0,0,0,8.05,Third,Southampton,No
158,0,3,male,,0,0,8.6625,Third,Southampton,No
159,0,3,male,,8,2,69.55,Third,Southampton,No
160,0,3,male,44.0,0,1,16.1,Third,Southampton,No
161,1,2,female,40.0,0,0,15.75,Second,Southampton,Yes
162,0,3,male,26.0,0,0,7.775,Third,Southampton,No
163,0,3,male,17.0,0,0,8.6625,Third,Southampton,No
164,0,3,male,1.0,4,1,39.6875,Third,Southampton,No
165,1,3,male,9.0,0,2,20.525,Third,Southampton,Yes
166,1,1,female,,0,1,55.0,First,Southampton,Yes
167,0,3,female,45.0,1,4,27.9,Third,Southampton,No
168,0,1,male,,0,0,25.925,First,Southampton,No
169,0,3,male,28.0,0,0,56.4958,Third,Southampton,No
170,0,1,male,61.0,0,0,33.5,First,Southampton,No
171,0,3,male,4.0,4,1,29.125,Third,Queensland,No
172,1,3,female,1.0,1,1,11.1333,Third,Southampton,Yes
173,0,3,male,21.0,0,0,7.925,Third,Southampton,No
174,0,1,male,56.0,0,0,30.6958,First,Cherbourg,No
175,0,3,male,18.0,1,1,7.8542,Third,Southampton,No
176,0,3,male,,3,1,25.4667,Third,Southampton,No
177,0,1,female,50.0,0,0,28.7125,First,Cherbourg,No
178,0,2,male,30.0,0,0,13.0,Second,Southampton,No
179,0,3,male,36.0,0,0,0.0,Third,Southampton,No
180,0,3,female,,8,2,69.55,Third,Southampton,No
181,0,2,male,,0,0,15.05,Second,Cherbourg,No
182,0,3,male,9.0,4,2,31.3875,Third,Southampton,No
183,1,2,male,1.0,2,1,39.0,Second,Southampton,Yes
184,1,3,female,4.0,0,2,22.025,Third,Southampton,Yes
185,0,1,male,,0,0,50.0,First,Southampton,No
186,1,3,female,,1,0,15.5,Third,Queensland,Yes
187,1,1,male,45.0,0,0,26.55,First,Southampton,Yes
188,0,3,male,40.0,1,1,15.5,Third,Queensland,No
189,0,3,male,36.0,0,0,7.8958,Third,Southampton,No
190,1,2,female,32.0,0,0,13.0,Second,Southampton,Yes
191,0,2,male,19.0,0,0,13.0,Second,Southampton,No
192,1,3,female,19.0,1,0,7.8542,Third,Southampton,Yes
193,1,2,male,3.0,1,1,26.0,Second,Southampton,Yes
194,1,1,female,44.0,0,0,27.7208,First,Cherbourg,Yes
195,1,1,female,58.0,0,0,146.5208,First,Cherbourg,Yes
196,0,3,male,,0,0,7.75,Third,Queensland,No
197,0,3,male,42.0,0,1,8.4042,Third,Southampton,No
198,1,3,female,,0,0,7.75,Third,Queensland,Yes
199,0,2,female,24.0,0,0,13.0,Second,Southampton,No
200,0,3,male,28.0,0,0,9.5,Third,Southampton,No
201,0,3,male,,8,2,69.55,Third,Southampton,No
202,0,3,male,34.0,0,0,6.4958,Third,Southampton,No
203,0,3,male,45.5,0,0,7.225,Third,Cherbourg,No
204,1,3,male,18.0,0,0,8.05,Third,Southampton,Yes
205,0,3,female,2.0,0,1,10.4625,Third,Southampton,No
206,0,3,male,32.0,1,0,15.85,Third,Southampton,No
207,1,3,male,26.0,0,0,18.7875,Third,Cherbourg,Yes
208,1,3,female,16.0,0,0,7.75,Third,Queensland,Yes
209,1,1,male,40.0,0,0,31.0,First,Cherbourg,Yes
210,0,3,male,24.0,0,0,7.05,Third,Southampton,No
211,1,2,female,35.0,0,0,21.0,Second,Southampton,Yes
212,0,3,male,22.0,0,0,7.25,Third,Southampton,No
213,0,2,male,30.0,0,0,13.0,Second,Southampton,No
214,0,3,male,,1,0,7.75,Third,Queensland,No
215,1,1,female,31.0,1,0,113.275,First,Cherbourg,Yes
216,1,3,female,27.0,0,0,7.925,Third,Southampton,Yes
217,0,2,male,42.0,1,0,27.0,Second,Southampton,No
218,1,1,female,32.0,0,0,76.2917,First,Cherbourg,Yes
219,0,2,male,30.0,0,0,10.5,Second,Southampton,No
220,1,3,male,16.0,0,0,8.05,Third,Southampton,Yes
221,0,2,male,27.0,0,0,13.0,Second,Southampton,No
222,0,3,male,51.0,0,0,8.05,Third,Southampton,No
223,0,3,male,,0,0,7.8958,Third,Southampton,No
224,1,1,male,38.0,1,0,90.0,First,Southampton,Yes
225,0,3,male,22.0,0,0,9.35,Third,Southampton,No
226,1,2,male,19.0,0,0,10.5,Second,Southampton,Yes
227,0,3,male,20.5,0,0,7.25,Third,Southampton,No
228,0,2,male,18.0,0,0,13.0,Second,Southampton,No
229,0,3,female,,3,1,25.4667,Third,Southampton,No
230,1,1,female,35.0,1,0,83.475,First,Southampton,Yes
231,0,3,male,29.0,0,0,7.775,Third,Southampton,No
232,0,2,male,59.0,0,0,13.5,Second,Southampton,No
233,1,3,female,5.0,4,2,31.3875,Third,Southampton,Yes
234,0,2,male,24.0,0,0,10.5,Second,Southampton,No
235,0,3,female,,0,0,7.55,Third,Southampton,No
236,0,2,male,44.0,1,0,26.0,Second,Southampton,No
237,1,2,female,8.0,0,2,26.25,Second,Southampton,Yes
238,0,2,male,19.0,0,0,10.5,Second,Southampton,No
239,0,2,male,33.0,0,0,12.275,Second,Southampton,No
240,0,3,female,,1,0,14.4542,Third,Cherbourg,No
241,1,3,female,,1,0,15.5,Third,Queensland,Yes
242,0,2,male,29.0,0,0,10.5,Second,Southampton,No
243,0,3,male,22.0,0,0,7.125,Third,Southampton,No
244,0,3,male,30.0,0,0,7.225,Third,Cherbourg,No
245,0,1,male,44.0,2,0,90.0,First,Queensland,No
246,0,3,female,25.0,0,0,7.775,Third,Southampton,No
247,1,2,female,24.0,0,2,14.5,Second,Southampton,Yes
248,1,1,male,37.0,1,1,52.5542,First,Southampton,Yes
249,0,2,male,54.0,1,0,26.0,Second,Southampton,No
250,0,3,male,,0,0,7.25,Third,Southampton,No
251,0,3,female,29.0,1,1,10.4625,Third,Southampton,No
252,0,1,male,62.0,0,0,26.55,First,Southampton,No
253,0,3,male,30.0,1,0,16.1,Third,Southampton,No
254,0,3,female,41.0,0,2,20.2125,Third,Southampton,No
255,1,3,female,29.0,0,2,15.2458,Third,Cherbourg,Yes
256,1,1,female,,0,0,79.2,First,Cherbourg,Yes
257,1,1,female,30.0,0,0,86.5,First,Southampton,Yes
258,1,1,female,35.0,0,0,512.3292,First,Cherbourg,Yes
259,1,2,female,50.0,0,1,26.0,Second,Southampton,Yes
260,0,3,male,,0,0,7.75,Third,Queensland,No
261,1,3,male,3.0,4,2,31.3875,Third,Southampton,Yes
262,0,1,male,52.0,1,1,79.65,First,Southampton,No
263,0,1,male,40.0,0,0,0.0,First,Southampton,No
264,0,3,female,,0,0,7.75,Third,Queensland,No
265,0,2,male,36.0,0,0,10.5,Second,Southampton,No
266,0,3,male,16.0,4,1,39.6875,Third,Southampton,No
267,1,3,male,25.0,1,0,7.775,Third,Southampton,Yes
268,1,1,female,58.0,0,1,153.4625,First,Southampton,Yes
269,1,1,female,35.0,0,0,135.6333,First,Southampton,Yes
270,0,1,male,,0,0,31.0,First,Southampton,No
271,1,3,male,25.0,0,0,0.0,Third,Southampton,Yes
272,1,2,female,41.0,0,1,19.5,Second,Southampton,Yes
273,0,1,male,37.0,0,1,29.7,First,Cherbourg,No
274,1,3,female,,0,0,7.75,Third,Queensland,Yes
275,1,1,female,63.0,1,0,77.9583,First,Southampton,Yes
276,0,3,female,45.0,0,0,7.75,Third,Southampton,No
277,0,2,male,,0,0,0.0,Second,Southampton,No
278,0,3,male,7.0,4,1,29.125,Third,Queensland,No
279,1,3,female,35.0,1,1,20.25,Third,Southampton,Yes
280,0,3,male,65.0,0,0,7.75,Third,Queensland,No
281,0,3,male,28.0,0,0,7.8542,Third,Southampton,No
282,0,3,male,16.0,0,0,9.5,Third,Southampton,No
283,1,3,male,19.0,0,0,8.05,Third,Southampton,Yes
284,0,1,male,,0,0,26.0,First,Southampton,No
285,0,3,male,33.0,0,0,8.6625,Third,Cherbourg,No
286,1,3,male,30.0,0,0,9.5,Third,Southampton,Yes
287,0,3,male,22.0,0,0,7.8958,Third,Southampton,No
288,1,2,male,42.0,0,0,13.0,Second,Southampton,Yes
289,1,3,female,22.0,0,0,7.75,Third,Queensland,Yes
290,1,1,female,26.0,0,0,78.85,First,Southampton,Yes
291,1,1,female,19.0,1,0,91.0792,First,Cherbourg,Yes
292,0,2,male,36.0,0,0,12.875,Second,Cherbourg,No
293,0,3,female,24.0,0,0,8.85,Third,Southampton,No
294,0,3,male,24.0,0,0,7.8958,Third,Southampton,No
295,0,1,male,,0,0,27.7208,First,Cherbourg,No
296,0,3,male,23.5,0,0,7.2292,Third,Cherbourg,No
297,0,1,female,2.0,1,2,151.55,First,Southampton,No
298,1,1,male,,0,0,30.5,First,Southampton,Yes
299,1,1,female,50.0,0,1,247.5208,First,Cherbourg,Yes
300,1,3,female,,0,0,7.75,Third,Queensland,Yes
301,1,3,male,,2,0,23.25,Third,Queensland,Yes
302,0,3,male,19.0,0,0,0.0,Third,Southampton,No
303,1,2,female,,0,0,12.35,Second,Queensland,Yes
304,0,3,male,,0,0,8.05,Third,Southampton,No
305,1,1,male,0.92,1,2,151.55,First,Southampton,Yes
306,1,1,female,,0,0,110.8833,First,Cherbourg,Yes
307,1,1,female,17.0,1,0,108.9,First,Cherbourg,Yes
308,0,2,male,30.0,1,0,24.0,Second,Cherbourg,No
309,1,1,female,30.0,0,0,56.9292,First,Cherbourg,Yes
310,1,1,female,24.0,0,0,83.1583,First,Cherbourg,Yes
311,1,1,female,18.0,2,2,262.375,First,Cherbourg,Yes
312,0,2,female,26.0,1,1,26.0,Second,Southampton,No
313,0,3,male,28.0,0,0,7.8958,Third,Southampton,No
314,0,2,male,43.0,1,1,26.25,Second,Southampton,No
315,1,3,female,26.0,0,0,7.8542,Third,Southampton,Yes
316,1,2,female,24.0,1,0,26.0,Second,Southampton,Yes
317,0,2,male,54.0,0,0,14.0,Second,Southampton,No
318,1,1,female,31.0,0,2,164.8667,First,Southampton,Yes
319,1,1,female,40.0,1,1,134.5,First,Cherbourg,Yes
320,0,3,male,22.0,0,0,7.25,Third,Southampton,No
321,0,3,male,27.0,0,0,7.8958,Third,Southampton,No
322,1,2,female,30.0,0,0,12.35,Second,Queensland,Yes
323,1,2,female,22.0,1,1,29.0,Second,Southampton,Yes
324,0,3,male,,8,2,69.55,Third,Southampton,No
325,1,1,female,36.0,0,0,135.6333,First,Cherbourg,Yes
326,0,3,male,61.0,0,0,6.2375,Third,Southampton,No
327,1,2,female,36.0,0,0,13.0,Second,Southampton,Yes
328,1,3,female,31.0,1,1,20.525,Third,Southampton,Yes
329,1,1,female,16.0,0,1,57.9792,First,Cherbourg,Yes
330,1,3,female,,2,0,23.25,Third,Queensland,Yes
331,0,1,male,45.5,0,0,28.5,First,Southampton,No
332,0,1,male,38.0,0,1,153.4625,First,Southampton,No
333,0,3,male,16.0,2,0,18.0,Third,Southampton,No
334,1,1,female,,1,0,133.65,First,Southampton,Yes
335,0,3,male,,0,0,7.8958,Third,Southampton,No
336,0,1,male,29.0,1,0,66.6,First,Southampton,No
337,1,1,female,41.0,0,0,134.5,First,Cherbourg,Yes
338,1,3,male,45.0,0,0,8.05,Third,Southampton,Yes
339,0,1,male,45.0,0,0,35.5,First,Southampton,No
340,1,2,male,2.0,1,1,26.0,Second,Southampton,Yes
341,1,1,female,24.0,3,2,263.0,First,Southampton,Yes
342,0,2,male,28.0,0,0,13.0,Second,Southampton,No
343,0,2,male,25.0,0,0,13.0,Second,Southampton,No
344,0,2,male,36.0,0,0,13.0,Second,Southampton,No
345,1,2,female,24.0,0,0,13.0,Second,Southampton,Yes
346,1,2,female,40.0,0,0,13.0,Second,Southampton,Yes
347,1,3,female,,1,0,16.1,Third,Southampton,Yes
348,1,3,male,3.0,1,1,15.9,Third,Southampton,Yes
349,0,3,male,42.0,0,0,8.6625,Third,Southampton,No
350,0,3,male,23.0,0,0,9.225,Third,Southampton,No
351,0,1,male,,0,0,35.0,First,Southampton,No
352,0,3,male,15.0,1,1,7.2292,Third,Cherbourg,No
353,0,3,male,25.0,1,0,17.8,Third,Southampton,No
354,0,3,male,,0,0,7.225,Third,Cherbourg,No
355,0,3,male,28.0,0,0,9.5,Third,Southampton,No
356,1,1,female,22.0,0,1,55.0,First,Southampton,Yes
357,0,2,female,38.0,0,0,13.0,Second,Southampton,No
358,1,3,female,,0,0,7.8792,Third,Queensland,Yes
359,1,3,female,,0,0,7.8792,Third,Queensland,Yes
360,0,3,male,40.0,1,4,27.9,Third,Southampton,No
361,0,2,male,29.0,1,0,27.7208,Second,Cherbourg,No
362,0,3,female,45.0,0,1,14.4542,Third,Cherbourg,No
363,0,3,male,35.0,0,0,7.05,Third,Southampton,No
364,0,3,male,,1,0,15.5,Third,Queensland,No
365,0,3,male,30.0,0,0,7.25,Third,Southampton,No
366,1,1,female,60.0,1,0,75.25,First,Cherbourg,Yes
367,1,3,female,,0,0,7.2292,Third,Cherbourg,Yes
368,1,3,female,,0,0,7.75,Third,Queensland,Yes
369,1,1,female,24.0,0,0,69.3,First,Cherbourg,Yes
370,1,1,male,25.0,1,0,55.4417,First,Cherbourg,Yes
371,0,3,male,18.0,1,0,6.4958,Third,Southampton,No
372,0,3,male,19.0,0,0,8.05,Third,Southampton,No
373,0,1,male,22.0,0,0,135.6333,First,Cherbourg,No
374,0,3,female,3.0,3,1,21.075,Third,Southampton,No
375,1,1,female,,1,0,82.1708,First,Cherbourg,Yes
376,1,3,female,22.0,0,0,7.25,Third,Southampton,Yes
377,0,1,male,27.0,0,2,211.5,First,Cherbourg,No
378,0,3,male,20.0,0,0,4.0125,Third,Cherbourg,No
379,0,3,male,19.0,0,0,7.775,Third,Southampton,No
380,1,1,female,42.0,0,0,227.525,First,Cherbourg,Yes
381,1,3,female,1.0,0,2,15.7417,Third,Cherbourg,Yes
382,0,3,male,32.0,0,0,7.925,Third,Southampton,No
383,1,1,female,35.0,1,0,52.0,First,Southampton,Yes
384,0,3,male,,0,0,7.8958,Third,Southampton,No
385,0,2,male,18.0,0,0,73.5,Second,Southampton,No
386,0,3,male,1.0,5,2,46.9,Third,Southampton,No
387,1,2,female,36.0,0,0,13.0,Second,Southampton,Yes
388,0,3,male,,0,0,7.7292,Third,Queensland,No
389,1,2,female,17.0,0,0,12.0,Second,Cherbourg,Yes
390,1,1,male,36.0,1,2,120.0,First,Southampton,Yes
391,1,3,male,21.0,0,0,7.7958,Third,Southampton,Yes
392,0,3,male,28.0,2,0,7.925,Third,Southampton,No
393,1,1,female,23.0,1,0,113.275,First,Cherbourg,Yes
394,1,3,female,24.0,0,2,16.7,Third,Southampton,Yes
395,0,3,male,22.0,0,0,7.7958,Third,Southampton,No
396,0,3,female,31.0,0,0,7.8542,Third,Southampton,No
397,0,2,male,46.0,0,0,26.0,Second,Southampton,No
398,0,2,male,23.0,0,0,10.5,Second,Southampton,No
399,1,2,female,28.0,0,0,12.65,Second,Southampton,Yes
400,1,3,male,39.0,0,0,7.925,Third,Southampton,Yes
401,0,3,male,26.0,0,0,8.05,Third,Southampton,No
402,0,3,female,21.0,1,0,9.825,Third,Southampton,No
403,0,3,male,28.0,1,0,15.85,Third,Southampton,No
404,0,3,female,20.0,0,0,8.6625,Third,Southampton,No
405,0,2,male,34.0,1,0,21.0,Second,Southampton,No
406,0,3,male,51.0,0,0,7.75,Third,Southampton,No
407,1,2,male,3.0,1,1,18.75,Second,Southampton,Yes
408,0,3,male,21.0,0,0,7.775,Third,Southampton,No
409,0,3,female,,3,1,25.4667,Third,Southampton,No
410,0,3,male,,0,0,7.8958,Third,Southampton,No
411,0,3,male,,0,0,6.8583,Third,Queensland,No
412,1,1,female,33.0,1,0,90.0,First,Queensland,Yes
413,0,2,male,,0,0,0.0,Second,Southampton,No
414,1,3,male,44.0,0,0,7.925,Third,Southampton,Yes
415,0,3,female,,0,0,8.05,Third,Southampton,No
416,1,2,female,34.0,1,1,32.5,Second,Southampton,Yes
417,1,2,female,18.0,0,2,13.0,Second,Southampton,Yes
418,0,2,male,30.0,0,0,13.0,Second,Southampton,No
419,0,3,female,10.0,0,2,24.15,Third,Southampton,No
420,0,3,male,,0,0,7.8958,Third,Cherbourg,No
421,0,3,male,21.0,0,0,7.7333,Third,Queensland,No
422,0,3,male,29.0,0,0,7.875,Third,Southampton,No
423,0,3,female,28.0,1,1,14.4,Third,Southampton,No
424,0,3,male,18.0,1,1,20.2125,Third,Southampton,No
425,0,3,male,,0,0,7.25,Third,Southampton,No
426,1,2,female,28.0,1,0,26.0,Second,Southampton,Yes
427,1,2,female,19.0,0,0,26.0,Second,Southampton,Yes
428,0,3,male,,0,0,7.75,Third,Queensland,No
429,1,3,male,32.0,0,0,8.05,Third,Southampton,Yes
430,1,1,male,28.0,0,0,26.55,First,Southampton,Yes
431,1,3,female,,1,0,16.1,Third,Southampton,Yes
432,1,2,female,42.0,1,0,26.0,Second,Southampton,Yes
433,0,3,male,17.0,0,0,7.125,Third,Southampton,No
434,0,1,male,50.0,1,0,55.9,First,Southampton,No
435,1,1,female,14.0,1,2,120.0,First,Southampton,Yes
436,0,3,female,21.0,2,2,34.375,Third,Southampton,No
437,1,2,female,24.0,2,3,18.75,Second,Southampton,Yes
438,0,1,male,64.0,1,4,263.0,First,Southampton,No
439,0,2,male,31.0,0,0,10.5,Second,Southampton,No
440,1,2,female,45.0,1,1,26.25,Second,Southampton,Yes
441,0,3,male,20.0,0,0,9.5,Third,Southampton,No
442,0,3,male,25.0,1,0,7.775,Third,Southampton,No
443,1,2,female,28.0,0,0,13.0,Second,Southampton,Yes
444,1,3,male,,0,0,8.1125,Third,Southampton,Yes
445,1,1,male,4.0,0,2,81.8583,First,Southampton,Yes
446,1,2,female,13.0,0,1,19.5,Second,Southampton,Yes
447,1,1,male,34.0,0,0,26.55,First,Southampton,Yes
448,1,3,female,5.0,2,1,19.2583,Third,Cherbourg,Yes
449,1,1,male,52.0,0,0,30.5,First,Southampton,Yes
450,0,2,male,36.0,1,2,27.75,Second,Southampton,No
451,0,3,male,,1,0,19.9667,Third,Southampton,No
452,0,1,male,30.0,0,0,27.75,First,Cherbourg,No
453,1,1,male,49.0,1,0,89.1042,First,Cherbourg,Yes
454,0,3,male,,0,0,8.05,Third,Southampton,No
455,1,3,male,29.0,0,0,7.8958,Third,Cherbourg,Yes
456,0,1,male,65.0,0,0,26.55,First,Southampton,No
457,1,1,female,,1,0,51.8625,First,Southampton,Yes
458,1,2,female,50.0,0,0,10.5,Second,Southampton,Yes
459,0,3,male,,0,0,7.75,Third,Queensland,No
460,1,1,male,48.0,0,0,26.55,First,Southampton,Yes
461,0,3,male,34.0,0,0,8.05,Third,Southampton,No
462,0,1,male,47.0,0,0,38.5,First,Southampton,No
463,0,2,male,48.0,0,0,13.0,Second,Southampton,No
464,0,3,male,,0,0,8.05,Third,Southampton,No
465,0,3,male,38.0,0,0,7.05,Third,Southampton,No
466,0,2,male,,0,0,0.0,Second,Southampton,No
467,0,1,male,56.0,0,0,26.55,First,Southampton,No
468,0,3,male,,0,0,7.725,Third,Queensland,No
469,1,3,female,0.75,2,1,19.2583,Third,Cherbourg,Yes
470,0,3,male,,0,0,7.25,Third,Southampton,No
471,0,3,male,38.0,0,0,8.6625,Third,Southampton,No
472,1,2,female,33.0,1,2,27.75,Second,Southampton,Yes
473,1,2,female,23.0,0,0,13.7917,Second,Cherbourg,Yes
474,0,3,female,22.0,0,0,9.8375,Third,Southampton,No
475,0,1,male,,0,0,52.0,First,Southampton,No
476,0,2,male,34.0,1,0,21.0,Second,Southampton,No
477,0,3,male,29.0,1,0,7.0458,Third,Southampton,No
478,0,3,male,22.0,0,0,7.5208,Third,Southampton,No
479,1,3,female,2.0,0,1,12.2875,Third,Southampton,Yes
480,0,3,male,9.0,5,2,46.9,Third,Southampton,No
481,0,2,male,,0,0,0.0,Second,Southampton,No
482,0,3,male,50.0,0,0,8.05,Third,Southampton,No
483,1,3,female,63.0,0,0,9.5875,Third,Southampton,Yes
484,1,1,male,25.0,1,0,91.0792,First,Cherbourg,Yes
485,0,3,female,,3,1,25.4667,Third,Southampton,No
486,1,1,female,35.0,1,0,90.0,First,Southampton,Yes
487,0,1,male,58.0,0,0,29.7,First,Cherbourg,No
488,0,3,male,30.0,0,0,8.05,Third,Southampton,No
489,1,3,male,9.0,1,1,15.9,Third,Southampton,Yes
490,0,3,male,,1,0,19.9667,Third,Southampton,No
491,0,3,male,21.0,0,0,7.25,Third,Southampton,No
492,0,1,male,55.0,0,0,30.5,First,Southampton,No
493,0,1,male,71.0,0,0,49.5042,First,Cherbourg,No
494,0,3,male,21.0,0,0,8.05,Third,Southampton,No
495,0,3,male,,0,0,14.4583,Third,Cherbourg,No
496,1,1,female,54.0,1,0,78.2667,First,Cherbourg,Yes
497,0,3,male,,0,0,15.1,Third,Southampton,No
498,0,1,female,25.0,1,2,151.55,First,Southampton,No
499,0,3,male,24.0,0,0,7.7958,Third,Southampton,No
500,0,3,male,17.0,0,0,8.6625,Third,Southampton,No
501,0,3,female,21.0,0,0,7.75,Third,Queensland,No
502,0,3,female,,0,0,7.6292,Third,Queensland,No
503,0,3,female,37.0,0,0,9.5875,Third,Southampton,No
504,1,1,female,16.0,0,0,86.5,First,Southampton,Yes
505,0,1,male,18.0,1,0,108.9,First,Cherbourg,No
506,1,2,female,33.0,0,2,26.0,Second,Southampton,Yes
507,1,1,male,,0,0,26.55,First,Southampton,Yes
508,0,3,male,28.0,0,0,22.525,Third,Southampton,No
509,1,3,male,26.0,0,0,56.4958,Third,Southampton,Yes
510,1,3,male,29.0,0,0,7.75,Third,Queensland,Yes
511,0,3,male,,0,0,8.05,Third,Southampton,No
512,1,1,male,36.0,0,0,26.2875,First,Southampton,Yes
513,1,1,female,54.0,1,0,59.4,First,Cherbourg,Yes
514,0,3,male,24.0,0,0,7.4958,Third,Southampton,No
515,0,1,male,47.0,0,0,34.0208,First,Southampton,No
516,1,2,female,34.0,0,0,10.5,Second,Southampton,Yes
517,0,3,male,,0,0,24.15,Third,Queensland,No
518,1,2,female,36.0,1,0,26.0,Second,Southampton,Yes
519,0,3,male,32.0,0,0,7.8958,Third,Southampton,No
520,1,1,female,30.0,0,0,93.5,First,Southampton,Yes
521,0,3,male,22.0,0,0,7.8958,Third,Southampton,No
522,0,3,male,,0,0,7.225,Third,Cherbourg,No
523,1,1,female,44.0,0,1,57.9792,First,Cherbourg,Yes
524,0,3,male,,0,0,7.2292,Third,Cherbourg,No
525,0,3,male,40.5,0,0,7.75,Third,Queensland,No
526,1,2,female,50.0,0,0,10.5,Second,Southampton,Yes
527,0,1,male,,0,0,221.7792,First,Southampton,No
528,0,3,male,39.0,0,0,7.925,Third,Southampton,No
529,0,2,male,23.0,2,1,11.5,Second,Southampton,No
530,1,2,female,2.0,1,1,26.0,Second,Southampton,Yes
531,0,3,male,,0,0,7.2292,Third,Cherbourg,No
532,0,3,male,17.0,1,1,7.2292,Third,Cherbourg,No
533,1,3,female,,0,2,22.3583,Third,Cherbourg,Yes
534,0,3,female,30.0,0,0,8.6625,Third,Southampton,No
535,1,2,female,7.0,0,2,26.25,Second,Southampton,Yes
536,0,1,male,45.0,0,0,26.55,First,Southampton,No
537,1,1,female,30.0,0,0,106.425,First,Cherbourg,Yes
538,0,3,male,,0,0,14.5,Third,Southampton,No
539,1,1,female,22.0,0,2,49.5,First,Cherbourg,Yes
540,1,1,female,36.0,0,2,71.0,First,Southampton,Yes
541,0,3,female,9.0,4,2,31.275,Third,Southampton,No
542,0,3,female,11.0,4,2,31.275,Third,Southampton,No
543,1,2,male,32.0,1,0,26.0,Second,Southampton,Yes
544,0,1,male,50.0,1,0,106.425,First,Cherbourg,No
545,0,1,male,64.0,0,0,26.0,First,Southampton,No
546,1,2,female,19.0,1,0,26.0,Second,Southampton,Yes
547,1,2,male,,0,0,13.8625,Second,Cherbourg,Yes
548,0,3,male,33.0,1,1,20.525,Third,Southampton,No
549,1,2,male,8.0,1,1,36.75,Second,Southampton,Yes
550,1,1,male,17.0,0,2,110.8833,First,Cherbourg,Yes
551,0,2,male,27.0,0,0,26.0,Second,Southampton,No
552,0,3,male,,0,0,7.8292,Third,Queensland,No
553,1,3,male,22.0,0,0,7.225,Third,Cherbourg,Yes
554,1,3,female,22.0,0,0,7.775,Third,Southampton,Yes
555,0,1,male,62.0,0,0,26.55,First,Southampton,No
556,1,1,female,48.0,1,0,39.6,First,Cherbourg,Yes
557,0,1,male,,0,0,227.525,First,Cherbourg,No
558,1,1,female,39.0,1,1,79.65,First,Southampton,Yes
559,1,3,female,36.0,1,0,17.4,Third,Southampton,Yes
560,0,3,male,,0,0,7.75,Third,Queensland,No
561,0,3,male,40.0,0,0,7.8958,Third,Southampton,No
562,0,2,male,28.0,0,0,13.5,Second,Southampton,No
563,0,3,male,,0,0,8.05,Third,Southampton,No
564,0,3,female,,0,0,8.05,Third,Southampton,No
565,0,3,male,24.0,2,0,24.15,Third,Southampton,No
566,0,3,male,19.0,0,0,7.8958,Third,Southampton,No
567,0,3,female,29.0,0,4,21.075,Third,Southampton,No
568,0,3,male,,0,0,7.2292,Third,Cherbourg,No
569,1,3,male,32.0,0,0,7.8542,Third,Southampton,Yes
570,1,2,male,62.0,0,0,10.5,Second,Southampton,Yes
571,1,1,female,53.0,2,0,51.4792,First,Southampton,Yes
572,1,1,male,36.0,0,0,26.3875,First,Southampton,Yes
573,1,3,female,,0,0,7.75,Third,Queensland,Yes
574,0,3,male,16.0,0,0,8.05,Third,Southampton,No
575,0,3,male,19.0,0,0,14.5,Third,Southampton,No
576,1,2,female,34.0,0,0,13.0,Second,Southampton,Yes
577,1,1,female,39.0,1,0,55.9,First,Southampton,Yes
578,0,3,female,,1,0,14.4583,Third,Cherbourg,No
579,1,3,male,32.0,0,0,7.925,Third,Southampton,Yes
580,1,2,female,25.0,1,1,30.0,Second,Southampton,Yes
581,1,1,female,39.0,1,1,110.8833,First,Cherbourg,Yes
582,0,2,male,54.0,0,0,26.0,Second,Southampton,No
583,0,1,male,36.0,0,0,40.125,First,Cherbourg,No
584,0,3,male,,0,0,8.7125,Third,Cherbourg,No
585,1,1,female,18.0,0,2,79.65,First,Southampton,Yes
586,0,2,male,47.0,0,0,15.0,Second,Southampton,No
587,1,1,male,60.0,1,1,79.2,First,Cherbourg,Yes
588,0,3,male,22.0,0,0,8.05,Third,Southampton,No
589,0,3,male,,0,0,8.05,Third,Southampton,No
590,0,3,male,35.0,0,0,7.125,Third,Southampton,No
591,1,1,female,52.0,1,0,78.2667,First,Cherbourg,Yes
592,0,3,male,47.0,0,0,7.25,Third,Southampton,No
593,0,3,female,,0,2,7.75,Third,Queensland,No
594,0,2,male,37.0,1,0,26.0,Second,Southampton,No
595,0,3,male,36.0,1,1,24.15,Third,Southampton,No
596,1,2,female,,0,0,33.0,Second,Southampton,Yes
597,0,3,male,49.0,0,0,0.0,Third,Southampton,No
598,0,3,male,,0,0,7.225,Third,Cherbourg,No
599,1,1,male,49.0,1,0,56.9292,First,Cherbourg,Yes
600,1,2,female,24.0,2,1,27.0,Second,Southampton,Yes
601,0,3,male,,0,0,7.8958,Third,Southampton,No
602,0,1,male,,0,0,42.4,First,Southampton,No
603,0,3,male,44.0,0,0,8.05,Third,Southampton,No
604,1,1,male,35.0,0,0,26.55,First,Cherbourg,Yes
605,0,3,male,36.0,1,0,15.55,Third,Southampton,No
606,0,3,male,30.0,0,0,7.8958,Third,Southampton,No
607,1,1,male,27.0,0,0,30.5,First,Southampton,Yes
608,1,2,female,22.0,1,2,41.5792,Second,Cherbourg,Yes
609,1,1,female,40.0,0,0,153.4625,First,Southampton,Yes
610,0,3,female,39.0,1,5,31.275,Third,Southampton,No
611,0,3,male,,0,0,7.05,Third,Southampton,No
612,1,3,female,,1,0,15.5,Third,Queensland,Yes
613,0,3,male,,0,0,7.75,Third,Queensland,No
614,0,3,male,35.0,0,0,8.05,Third,Southampton,No
615,1,2,female,24.0,1,2,65.0,Second,Southampton,Yes
616,0,3,male,34.0,1,1,14.4,Third,Southampton,No
617,0,3,female,26.0,1,0,16.1,Third,Southampton,No
618,1,2,female,4.0,2,1,39.0,Second,Southampton,Yes
619,0,2,male,26.0,0,0,10.5,Second,Southampton,No
620,0,3,male,27.0,1,0,14.4542,Third,Cherbourg,No
621,1,1,male,42.0,1,0,52.5542,First,Southampton,Yes
622,1,3,male,20.0,1,1,15.7417,Third,Cherbourg,Yes
623,0,3,male,21.0,0,0,7.8542,Third,Southampton,No
624,0,3,male,21.0,0,0,16.1,Third,Southampton,No
625,0,1,male,61.0,0,0,32.3208,First,Southampton,No
626,0,2,male,57.0,0,0,12.35,Second,Queensland,No
627,1,1,female,21.0,0,0,77.9583,First,Southampton,Yes
628,0,3,male,26.0,0,0,7.8958,Third,Southampton,No
629,0,3,male,,0,0,7.7333,Third,Queensland,No
630,1,1,male,80.0,0,0,30.0,First,Southampton,Yes
631,0,3,male,51.0,0,0,7.0542,Third,Southampton,No
632,1,1,male,32.0,0,0,30.5,First,Cherbourg,Yes
633,0,1,male,,0,0,0.0,First,Southampton,No
634,0,3,female,9.0,3,2,27.9,Third,Southampton,No
635,1,2,female,28.0,0,0,13.0,Second,Southampton,Yes
636,0,3,male,32.0,0,0,7.925,Third,Southampton,No
637,0,2,male,31.0,1,1,26.25,Second,Southampton,No
638,0,3,female,41.0,0,5,39.6875,Third,Southampton,No
639,0,3,male,,1,0,16.1,Third,Southampton,No
640,0,3,male,20.0,0,0,7.8542,Third,Southampton,No
641,1,1,female,24.0,0,0,69.3,First,Cherbourg,Yes
642,0,3,female,2.0,3,2,27.9,Third,Southampton,No
643,1,3,male,,0,0,56.4958,Third,Southampton,Yes
644,1,3,female,0.75,2,1,19.2583,Third,Cherbourg,Yes
645,1,1,male,48.0,1,0,76.7292,First,Cherbourg,Yes
646,0,3,male,19.0,0,0,7.8958,Third,Southampton,No
647,1,1,male,56.0,0,0,35.5,First,Cherbourg,Yes
648,0,3,male,,0,0,7.55,Third,Southampton,No
649,1,3,female,23.0,0,0,7.55,Third,Southampton,Yes
650,0,3,male,,0,0,7.8958,Third,Southampton,No
651,1,2,female,18.0,0,1,23.0,Second,Southampton,Yes
652,0,3,male,21.0,0,0,8.4333,Third,Southampton,No
653,1,3,female,,0,0,7.8292,Third,Queensland,Yes
654,0,3,female,18.0,0,0,6.75,Third,Queensland,No
655,0,2,male,24.0,2,0,73.5,Second,Southampton,No
656,0,3,male,,0,0,7.8958,Third,Southampton,No
657,0,3,female,32.0,1,1,15.5,Third,Queensland,No
658,0,2,male,23.0,0,0,13.0,Second,Southampton,No
659,0,1,male,58.0,0,2,113.275,First,Cherbourg,No
660,1,1,male,50.0,2,0,133.65,First,Southampton,Yes
661,0,3,male,40.0,0,0,7.225,Third,Cherbourg,No
662,0,1,male,47.0,0,0,25.5875,First,Southampton,No
663,0,3,male,36.0,0,0,7.4958,Third,Southampton,No
664,1,3,male,20.0,1,0,7.925,Third,Southampton,Yes
665,0,2,male,32.0,2,0,73.5,Second,Southampton,No
666,0,2,male,25.0,0,0,13.0,Second,Southampton,No
667,0,3,male,,0,0,7.775,Third,Southampton,No
668,0,3,male,43.0,0,0,8.05,Third,Southampton,No
669,1,1,female,,1,0,52.0,First,Southampton,Yes
670,1,2,female,40.0,1,1,39.0,Second,Southampton,Yes
671,0,1,male,31.0,1,0,52.0,First,Southampton,No
672,0,2,male,70.0,0,0,10.5,Second,Southampton,No
673,1,2,male,31.0,0,0,13.0,Second,Southampton,Yes
674,0,2,male,,0,0,0.0,Second,Southampton,No
675,0,3,male,18.0,0,0,7.775,Third,Southampton,No
676,0,3,male,24.5,0,0,8.05,Third,Southampton,No
677,1,3,female,18.0,0,0,9.8417,Third,Southampton,Yes
678,0,3,female,43.0,1,6,46.9,Third,Southampton,No
679,1,1,male,36.0,0,1,512.3292,First,Cherbourg,Yes
680,0,3,female,,0,0,8.1375,Third,Queensland,No
681,1,1,male,27.0,0,0,76.7292,First,Cherbourg,Yes
682,0,3,male,20.0,0,0,9.225,Third,Southampton,No
683,0,3,male,14.0,5,2,46.9,Third,Southampton,No
684,0,2,male,60.0,1,1,39.0,Second,Southampton,No
685,0,2,male,25.0,1,2,41.5792,Second,Cherbourg,No
686,0,3,male,14.0,4,1,39.6875,Third,Southampton,No
687,0,3,male,19.0,0,0,10.1708,Third,Southampton,No
688,0,3,male,18.0,0,0,7.7958,Third,Southampton,No
689,1,1,female,15.0,0,1,211.3375,First,Southampton,Yes
690,1,1,male,31.0,1,0,57.0,First,Southampton,Yes
691,1,3,female,4.0,0,1,13.4167,Third,Cherbourg,Yes
692,1,3,male,,0,0,56.4958,Third,Southampton,Yes
693,0,3,male,25.0,0,0,7.225,Third,Cherbourg,No
694,0,1,male,60.0,0,0,26.55,First,Southampton,No
695,0,2,male,52.0,0,0,13.5,Second,Southampton,No
696,0,3,male,44.0,0,0,8.05,Third,Southampton,No
697,1,3,female,,0,0,7.7333,Third,Queensland,Yes
698,0,1,male,49.0,1,1,110.8833,First,Cherbourg,No
699,0,3,male,42.0,0,0,7.65,Third,Southampton,No
700,1,1,female,18.0,1,0,227.525,First,Cherbourg,Yes
701,1,1,male,35.0,0,0,26.2875,First,Southampton,Yes
702,0,3,female,18.0,0,1,14.4542,Third,Cherbourg,No
703,0,3,male,25.0,0,0,7.7417,Third,Queensland,No
704,0,3,male,26.0,1,0,7.8542,Third,Southampton,No
705,0,2,male,39.0,0,0,26.0,Second,Southampton,No
706,1,2,female,45.0,0,0,13.5,Second,Southampton,Yes
707,1,1,male,42.0,0,0,26.2875,First,Southampton,Yes
708,1,1,female,22.0,0,0,151.55,First,Southampton,Yes
709,1,3,male,,1,1,15.2458,Third,Cherbourg,Yes
710,1,1,female,24.0,0,0,49.5042,First,Cherbourg,Yes
711,0,1,male,,0,0,26.55,First,Southampton,No
712,1,1,male,48.0,1,0,52.0,First,Southampton,Yes
713,0,3,male,29.0,0,0,9.4833,Third,Southampton,No
714,0,2,male,52.0,0,0,13.0,Second,Southampton,No
715,0,3,male,19.0,0,0,7.65,Third,Southampton,No
716,1,1,female,38.0,0,0,227.525,First,Cherbourg,Yes
717,1,2,female,27.0,0,0,10.5,Second,Southampton,Yes
718,0,3,male,,0,0,15.5,Third,Queensland,No
719,0,3,male,33.0,0,0,7.775,Third,Southampton,No
720,1,2,female,6.0,0,1,33.0,Second,Southampton,Yes
721,0,3,male,17.0,1,0,7.0542,Third,Southampton,No
722,0,2,male,34.0,0,0,13.0,Second,Southampton,No
723,0,2,male,50.0,0,0,13.0,Second,Southampton,No
724,1,1,male,27.0,1,0,53.1,First,Southampton,Yes
725,0,3,male,20.0,0,0,8.6625,Third,Southampton,No
726,1,2,female,30.0,3,0,21.0,Second,Southampton,Yes
727,1,3,female,,0,0,7.7375,Third,Queensland,Yes
728,0,2,male,25.0,1,0,26.0,Second,Southampton,No
729,0,3,female,25.0,1,0,7.925,Third,Southampton,No
730,1,1,female,29.0,0,0,211.3375,First,Southampton,Yes
731,0,3,male,11.0,0,0,18.7875,Third,Cherbourg,No
732,0,2,male,,0,0,0.0,Second,Southampton,No
733,0,2,male,23.0,0,0,13.0,Second,Southampton,No
734,0,2,male,23.0,0,0,13.0,Second,Southampton,No
735,0,3,male,28.5,0,0,16.1,Third,Southampton,No
736,0,3,female,48.0,1,3,34.375,Third,Southampton,No
737,1,1,male,35.0,0,0,512.3292,First,Cherbourg,Yes
738,0,3,male,,0,0,7.8958,Third,Southampton,No
739,0,3,male,,0,0,7.8958,Third,Southampton,No
740,1,1,male,,0,0,30.0,First,Southampton,Yes
741,0,1,male,36.0,1,0,78.85,First,Southampton,No
742,1,1,female,21.0,2,2,262.375,First,Cherbourg,Yes
743,0,3,male,24.0,1,0,16.1,Third,Southampton,No
744,1,3,male,31.0,0,0,7.925,Third,Southampton,Yes
745,0,1,male,70.0,1,1,71.0,First,Southampton,No
746,0,3,male,16.0,1,1,20.25,Third,Southampton,No
747,1,2,female,30.0,0,0,13.0,Second,Southampton,Yes
748,0,1,male,19.0,1,0,53.1,First,Southampton,No
749,0,3,male,31.0,0,0,7.75,Third,Queensland,No
750,1,2,female,4.0,1,1,23.0,Second,Southampton,Yes
751,1,3,male,6.0,0,1,12.475,Third,Southampton,Yes
752,0,3,male,33.0,0,0,9.5,Third,Southampton,No
753,0,3,male,23.0,0,0,7.8958,Third,Southampton,No
754,1,2,female,48.0,1,2,65.0,Second,Southampton,Yes
755,1,2,male,0.67,1,1,14.5,Second,Southampton,Yes
756,0,3,male,28.0,0,0,7.7958,Third,Southampton,No
757,0,2,male,18.0,0,0,11.5,Second,Southampton,No
758,0,3,male,34.0,0,0,8.05,Third,Southampton,No
759,1,1,female,33.0,0,0,86.5,First,Southampton,Yes
760,0,3,male,,0,0,14.5,Third,Southampton,No
761,0,3,male,41.0,0,0,7.125,Third,Southampton,No
762,1,3,male,20.0,0,0,7.2292,Third,Cherbourg,Yes
763,1,1,female,36.0,1,2,120.0,First,Southampton,Yes
764,0,3,male,16.0,0,0,7.775,Third,Southampton,No
765,1,1,female,51.0,1,0,77.9583,First,Southampton,Yes
766,0,1,male,,0,0,39.6,First,Cherbourg,No
767,0,3,female,30.5,0,0,7.75,Third,Queensland,No
768,0,3,male,,1,0,24.15,Third,Queensland,No
769,0,3,male,32.0,0,0,8.3625,Third,Southampton,No
770,0,3,male,24.0,0,0,9.5,Third,Southampton,No
771,0,3,male,48.0,0,0,7.8542,Third,Southampton,No
772,0,2,female,57.0,0,0,10.5,Second,Southampton,No
773,0,3,male,,0,0,7.225,Third,Cherbourg,No
774,1,2,female,54.0,1,3,23.0,Second,Southampton,Yes
775,0,3,male,18.0,0,0,7.75,Third,Southampton,No
776,0,3,male,,0,0,7.75,Third,Queensland,No
777,1,3,female,5.0,0,0,12.475,Third,Southampton,Yes
778,0,3,male,,0,0,7.7375,Third,Queensland,No
779,1,1,female,43.0,0,1,211.3375,First,Southampton,Yes
780,1,3,female,13.0,0,0,7.2292,Third,Cherbourg,Yes
781,1,1,female,17.0,1,0,57.0,First,Southampton,Yes
782,0,1,male,29.0,0,0,30.0,First,Southampton,No
783,0,3,male,,1,2,23.45,Third,Southampton,No
784,0,3,male,25.0,0,0,7.05,Third,Southampton,No
785,0,3,male,25.0,0,0,7.25,Third,Southampton,No
786,1,3,female,18.0,0,0,7.4958,Third,Southampton,Yes
787,0,3,male,8.0,4,1,29.125,Third,Queensland,No
788,1,3,male,1.0,1,2,20.575,Third,Southampton,Yes
789,0,1,male,46.0,0,0,79.2,First,Cherbourg,No
790,0,3,male,,0,0,7.75,Third,Queensland,No
791,0,2,male,16.0,0,0,26.0,Second,Southampton,No
792,0,3,female,,8,2,69.55,Third,Southampton,No
793,0,1,male,,0,0,30.6958,First,Cherbourg,No
794,0,3,male,25.0,0,0,7.8958,Third,Southampton,No
795,0,2,male,39.0,0,0,13.0,Second,Southampton,No
796,1,1,female,49.0,0,0,25.9292,First,Southampton,Yes
797,1,3,female,31.0,0,0,8.6833,Third,Southampton,Yes
798,0,3,male,30.0,0,0,7.2292,Third,Cherbourg,No
799,0,3,female,30.0,1,1,24.15,Third,Southampton,No
800,0,2,male,34.0,0,0,13.0,Second,Southampton,No
801,1,2,female,31.0,1,1,26.25,Second,Southampton,Yes
802,1,1,male,11.0,1,2,120.0,First,Southampton,Yes
803,1,3,male,0.42,0,1,8.5167,Third,Cherbourg,Yes
804,1,3,male,27.0,0,0,6.975,Third,Southampton,Yes
805,0,3,male,31.0,0,0,7.775,Third,Southampton,No
806,0,1,male,39.0,0,0,0.0,First,Southampton,No
807,0,3,female,18.0,0,0,7.775,Third,Southampton,No
808,0,2,male,39.0,0,0,13.0,Second,Southampton,No
809,1,1,female,33.0,1,0,53.1,First,Southampton,Yes
810,0,3,male,26.0,0,0,7.8875,Third,Southampton,No
811,0,3,male,39.0,0,0,24.15,Third,Southampton,No
812,0,2,male,35.0,0,0,10.5,Second,Southampton,No
813,0,3,female,6.0,4,2,31.275,Third,Southampton,No
814,0,3,male,30.5,0,0,8.05,Third,Southampton,No
815,0,1,male,,0,0,0.0,First,Southampton,No
816,0,3,female,23.0,0,0,7.925,Third,Southampton,No
817,0,2,male,31.0,1,1,37.0042,Second,Cherbourg,No
818,0,3,male,43.0,0,0,6.45,Third,Southampton,No
819,0,3,male,10.0,3,2,27.9,Third,Southampton,No
820,1,1,female,52.0,1,1,93.5,First,Southampton,Yes
821,1,3,male,27.0,0,0,8.6625,Third,Southampton,Yes
822,0,1,male,38.0,0,0,0.0,First,Southampton,No
823,1,3,female,27.0,0,1,12.475,Third,Southampton,Yes
824,0,3,male,2.0,4,1,39.6875,Third,Southampton,No
825,0,3,male,,0,0,6.95,Third,Queensland,No
826,0,3,male,,0,0,56.4958,Third,Southampton,No
827,1,2,male,1.0,0,2,37.0042,Second,Cherbourg,Yes
828,1,3,male,,0,0,7.75,Third,Queensland,Yes
829,1,1,female,62.0,0,0,80.0,First,,Yes
830,1,3,female,15.0,1,0,14.4542,Third,Cherbourg,Yes
831,1,2,male,0.83,1,1,18.75,Second,Southampton,Yes
832,0,3,male,,0,0,7.2292,Third,Cherbourg,No
833,0,3,male,23.0,0,0,7.8542,Third,Southampton,No
834,0,3,male,18.0,0,0,8.3,Third,Southampton,No
835,1,1,female,39.0,1,1,83.1583,First,Cherbourg,Yes
836,0,3,male,21.0,0,0,8.6625,Third,Southampton,No
837,0,3,male,,0,0,8.05,Third,Southampton,No
838,1,3,male,32.0,0,0,56.4958,Third,Southampton,Yes
839,1,1,male,,0,0,29.7,First,Cherbourg,Yes
840,0,3,male,20.0,0,0,7.925,Third,Southampton,No
841,0,2,male,16.0,0,0,10.5,Second,Southampton,No
842,1,1,female,30.0,0,0,31.0,First,Cherbourg,Yes
843,0,3,male,34.5,0,0,6.4375,Third,Cherbourg,No
844,0,3,male,17.0,0,0,8.6625,Third,Southampton,No
845,0,3,male,42.0,0,0,7.55,Third,Southampton,No
846,0,3,male,,8,2,69.55,Third,Southampton,No
847,0,3,male,35.0,0,0,7.8958,Third,Cherbourg,No
848,0,2,male,28.0,0,1,33.0,Second,Southampton,No
849,1,1,female,,1,0,89.1042,First,Cherbourg,Yes
850,0,3,male,4.0,4,2,31.275,Third,Southampton,No
851,0,3,male,74.0,0,0,7.775,Third,Southampton,No
852,0,3,female,9.0,1,1,15.2458,Third,Cherbourg,No
853,1,1,female,16.0,0,1,39.4,First,Southampton,Yes
854,0,2,female,44.0,1,0,26.0,Second,Southampton,No
855,1,3,female,18.0,0,1,9.35,Third,Southampton,Yes
856,1,1,female,45.0,1,1,164.8667,First,Southampton,Yes
857,1,1,male,51.0,0,0,26.55,First,Southampton,Yes
858,1,3,female,24.0,0,3,19.2583,Third,Cherbourg,Yes
859,0,3,male,,0,0,7.2292,Third,Cherbourg,No
860,0,3,male,41.0,2,0,14.1083,Third,Southampton,No
861,0,2,male,21.0,1,0,11.5,Second,Southampton,No
862,1,1,female,48.0,0,0,25.9292,First,Southampton,Yes
863,0,3,female,,8,2,69.55,Third,Southampton,No
864,0,2,male,24.0,0,0,13.0,Second,Southampton,No
865,1,2,female,42.0,0,0,13.0,Second,Southampton,Yes
866,1,2,female,27.0,1,0,13.8583,Second,Cherbourg,Yes
867,0,1,male,31.0,0,0,50.4958,First,Southampton,No
868,0,3,male,,0,0,9.5,Third,Southampton,No
869,1,3,male,4.0,1,1,11.1333,Third,Southampton,Yes
870,0,3,male,26.0,0,0,7.8958,Third,Southampton,No
871,1,1,female,47.0,1,1,52.5542,First,Southampton,Yes
872,0,1,male,33.0,0,0,5.0,First,Southampton,No
873,0,3,male,47.0,0,0,9.0,Third,Southampton,No
874,1,2,female,28.0,1,0,24.0,Second,Cherbourg,Yes
875,1,3,female,15.0,0,0,7.225,Third,Cherbourg,Yes
876,0,3,male,20.0,0,0,9.8458,Third,Southampton,No
877,0,3,male,19.0,0,0,7.8958,Third,Southampton,No
878,0,3,male,,0,0,7.8958,Third,Southampton,No
879,1,1,female,56.0,0,1,83.1583,First,Cherbourg,Yes
880,1,2,female,25.0,0,1,26.0,Second,Southampton,Yes
881,0,3,male,33.0,0,0,7.8958,Third,Southampton,No
882,0,3,female,22.0,0,0,10.5167,Third,Southampton,No
883,0,2,male,28.0,0,0,10.5,Second,Southampton,No
884,0,3,male,25.0,0,0,7.05,Third,Southampton,No
885,0,3,female,39.0,0,5,29.125,Third,Queensland,No
886,0,2,male,27.0,0,0,13.0,Second,Southampton,No
887,1,1,female,19.0,0,0,30.0,First,Southampton,Yes
888,0,3,female,,1,2,23.45,Third,Southampton,No
889,1,1,male,26.0,0,0,30.0,First,Cherbourg,Yes
890,0,3,male,32.0,0,0,7.75,Third,Queensland,No
